pagePath,dimension1,dateHourMinute,deviceCategory,userType,fullReferrer,sessions,goal1Completions,pageviews
/,1290351096.1603985772,202010300036,desktop,New Visitor,(direct),1,1,1
/,132927247.1604369529,202011031112,desktop,New Visitor,google,1,1,1
/,1438179680.1587801587,202011011601,desktop,Returning Visitor,(direct),1,1,1
/,206554801.1591509469,202011031037,desktop,Returning Visitor,a.hatena.ne.jp/Zhong/,1,1,1
/,208299463.1582123520,202011030936,desktop,Returning Visitor,google,1,1,1
/,252758432.1604310958,202011021855,desktop,New Visitor,(direct),1,1,1
/,390853835.1566398088,202010310056,desktop,Returning Visitor,(direct),1,1,1
/,390853835.1566398088,202011030003,desktop,Returning Visitor,(direct),1,1,1
/,390853835.1566398088,202011030106,desktop,Returning Visitor,(direct),1,1,1
/,638941915.1593176956,202010272253,desktop,Returning Visitor,t.co/ol4hy6k2fh,1,1,1
/,638941915.1593176956,202010301642,desktop,Returning Visitor,t.co/ol4hy6k2fh,1,1,1
/,638941915.1593176956,202011021906,desktop,Returning Visitor,t.co/ol4hy6k2fh,1,1,1
/,712015125.1593590720,202010272055,desktop,Returning Visitor,google,1,1,1
/,901631178.1596028556,202011021942,desktop,Returning Visitor,google,1,1,1
/?p=3910&preview=true,1438179680.1587801587,202011012224,desktop,Returning Visitor,(direct),1,0,1
/?p=3910&preview=true,1438179680.1587801587,202011031220,desktop,Returning Visitor,(direct),1,0,1
/archives/1008,2093606696.1598152809,202010311725,desktop,Returning Visitor,google,1,0,1
/archives/1031,1016247950.1604129101,202010311750,desktop,Returning Visitor,b.hatena.ne.jp/,1,0,1
/archives/1031,1134361886.1603415595,202010301816,desktop,Returning Visitor,google,1,0,1
/archives/1031,1264731618.1599124540,202010271117,desktop,Returning Visitor,google,1,0,1
/archives/1031,1264731618.1599124540,202010281706,desktop,Returning Visitor,google,1,0,1
/archives/1031,1264731618.1599124540,202010292254,desktop,Returning Visitor,google,1,0,1
/archives/1031,1264731618.1599124540,202010301652,desktop,Returning Visitor,google,1,0,1
/archives/1031,1264731618.1599124540,202010301947,desktop,Returning Visitor,google,1,0,0
/archives/1031,1264731618.1599124540,202011012312,desktop,Returning Visitor,google,1,0,1
/archives/1031,1466765872.1600137472,202010271008,desktop,Returning Visitor,bing,1,0,1
/archives/1031,1466765872.1600137472,202010282022,desktop,Returning Visitor,bing,1,0,1
/archives/1031,1466765872.1600137472,202010282028,desktop,Returning Visitor,b.hatena.ne.jp/entry/kamonohashiperry.com/archives/1031,1,0,1
/archives/1031,1540334155.1603782282,202010291334,desktop,Returning Visitor,google,1,0,1
/archives/1031,1540334155.1603782282,202010302104,desktop,Returning Visitor,google,1,0,1
/archives/1031,185781481.1603367423,202011021715,desktop,Returning Visitor,google,1,0,1
/archives/1031,1883829006.1601433609,202010300949,desktop,Returning Visitor,google,1,0,1
/archives/1031,1883829006.1601433609,202010301517,desktop,Returning Visitor,google,1,0,1
/archives/1031,1883829006.1601433609,202011021338,desktop,Returning Visitor,google,1,0,1
/archives/1031,1908227201.1599029320,202010281235,desktop,Returning Visitor,bing,1,0,1
/archives/1031,2058575042.1599526541,202010301121,desktop,Returning Visitor,google,1,0,1
/archives/1031,262210701.1588550627,202010292119,desktop,Returning Visitor,google,1,0,1
/archives/1031,279174601.1602976691,202010291003,desktop,Returning Visitor,google,1,0,1
/archives/1031,694917030.1603722404,202010270158,desktop,Returning Visitor,google,1,0,1
/archives/1031,694917030.1603722404,202010311835,desktop,Returning Visitor,google,1,0,1
/archives/1031,694917030.1603722404,202010311923,desktop,Returning Visitor,google,1,0,1
/archives/1031,694917030.1603722404,202011011631,desktop,Returning Visitor,google,1,0,1
/archives/1031,851520227.1603878695,202010281851,desktop,New Visitor,google,1,0,1
/archives/1031,929743540.1603846690,202010282017,desktop,Returning Visitor,google,1,0,1
/archives/1031,993712.1603694437,202010270722,desktop,Returning Visitor,google,1,0,1
/archives/1031,993712.1603694437,202010271500,desktop,Returning Visitor,google,1,0,1
/archives/1031,993712.1603694437,202010301538,desktop,Returning Visitor,google,1,0,1
/archives/1031,993712.1603694437,202011021228,desktop,Returning Visitor,google,1,0,1
/archives/1054,1664546326.1598578707,202010271433,desktop,Returning Visitor,(direct),1,0,1
/archives/1054,744850568.1603787387,202010291305,desktop,Returning Visitor,google,1,0,1
/archives/110,225512479.1602631625,202010291859,tablet,Returning Visitor,google,1,0,1
/archives/1193,1514503792.1600426968,202010272006,desktop,Returning Visitor,google,1,0,1
/archives/1193,1514503792.1600426968,202010282147,desktop,Returning Visitor,google,1,0,1
/archives/1193,839330471.1603721808,202010300128,tablet,Returning Visitor,google,1,0,1
/archives/1248,124045859.1590129639,202010281459,desktop,Returning Visitor,google,1,0,1
/archives/1293,1012190018.1602578083,202010271809,desktop,Returning Visitor,google,1,0,1
/archives/1293,1547322811.1602690311,202010272255,desktop,Returning Visitor,google,1,0,1
/archives/1293,612725392.1604228588,202011021606,desktop,Returning Visitor,google,1,0,2
/archives/1322,901631178.1596028556,202011011523,desktop,Returning Visitor,google,1,0,1
/archives/1374,1800247835.1583239379,202010271309,mobile,Returning Visitor,google,1,0,1
/archives/1374,544508238.1603782970,202010271816,desktop,Returning Visitor,google,1,0,1
/archives/1401,711831868.1603381191,202010301348,desktop,Returning Visitor,(direct),1,0,1
/archives/145,114099595.1602852815,202010271356,desktop,Returning Visitor,(direct),1,0,1
/archives/145,1487448269.1604053648,202010301927,desktop,New Visitor,(direct),1,0,1
/archives/145,2016054824.1604047363,202010301742,desktop,New Visitor,(direct),1,0,1
/archives/145,822359081.1604231331,202011012048,mobile,New Visitor,(direct),1,0,1
/archives/145,855563452.1604046933,202010301735,desktop,New Visitor,(direct),1,0,1
/archives/1504,1321706951.1603793700,202010271914,desktop,New Visitor,google,1,0,1
/archives/1504,24843250.1603925103,202010290745,mobile,New Visitor,yahoo,1,0,1
/archives/1504,322037427.1603695866,202010271002,desktop,Returning Visitor,google,1,0,1
/archives/1568,1103181992.1598756436,202011020741,mobile,Returning Visitor,google,1,0,1
/archives/1568,1302031617.1589194802,202011021727,desktop,Returning Visitor,(direct),1,0,1
/archives/1568,1306364383.1592289799,202010302353,desktop,Returning Visitor,google,1,0,1
/archives/1568,1306364383.1592289799,202010311257,desktop,Returning Visitor,google,1,0,1
/archives/1568,1625998938.1604115315,202010311235,mobile,New Visitor,google,1,0,1
/archives/1568,1625998938.1604115315,202010311351,mobile,Returning Visitor,google,1,0,1
/archives/1568,1727675430.1603869272,202010281614,desktop,New Visitor,google,1,0,1
/archives/1568,1858228756.1603763194,202010281115,desktop,Returning Visitor,google,1,0,1
/archives/1568,1863185560.1604072822,202010310814,desktop,Returning Visitor,t.co/s5cbWfHqYz,1,0,1
/archives/1568,1863185560.1604072822,202011011726,desktop,Returning Visitor,t.co/s5cbWfHqYz,1,0,1
/archives/1568,1907878060.1604287639,202011021227,mobile,New Visitor,google,1,0,1
/archives/1568,192660189.1604068228,202010302330,desktop,New Visitor,google,1,0,1
/archives/1568,1963535034.1604097923,202011021503,desktop,Returning Visitor,google,1,0,1
/archives/1568,2368686.1603717794,202010281252,desktop,Returning Visitor,(direct),1,0,1
/archives/1568,272422221.1603930600,202010291217,desktop,Returning Visitor,google,1,0,1
/archives/1568,349430175.1602479588,202010281138,desktop,Returning Visitor,google,1,0,1
/archives/1568,440062640.1602122039,202010271533,desktop,Returning Visitor,google,1,0,1
/archives/1568,450892053.1602176071,202011021139,desktop,Returning Visitor,google,1,0,1
/archives/1568,455060018.1603707840,202010301710,desktop,Returning Visitor,google,1,0,1
/archives/1568,538309930.1603127298,202010280233,desktop,Returning Visitor,google,1,0,1
/archives/1568,544508238.1603782970,202010272143,desktop,Returning Visitor,google,1,0,1
/archives/1568,544508238.1603782970,202011021442,desktop,Returning Visitor,google,1,0,1
/archives/1568,544508238.1603782970,202011021544,desktop,Returning Visitor,google,1,0,1
/archives/1568,544508238.1603782970,202011021734,desktop,Returning Visitor,google,1,0,1
/archives/1568,791026749.1599892702,202011011030,desktop,Returning Visitor,google,1,0,1
/archives/1619,1260249175.1604042640,202010301623,desktop,New Visitor,google,1,0,1
/archives/1619,1642536510.1601531309,202010281343,desktop,Returning Visitor,bing,1,0,1
/archives/1619,1953197096.1591103622,202011031141,desktop,Returning Visitor,google,1,0,1
/archives/1619,1964469706.1602299039,202011010857,desktop,Returning Visitor,google,1,0,1
/archives/1619,1974212339.1601598589,202010301302,desktop,Returning Visitor,google,1,0,1
/archives/1619,689643606.1603245927,202010301440,desktop,Returning Visitor,google,1,0,1
/archives/1619,689643606.1603245927,202010301643,desktop,Returning Visitor,google,1,0,1
/archives/1619/スクリーンショット-2018-05-09-23-17-16,711831868.1603381191,202010301550,desktop,Returning Visitor,(direct),1,0,1
/archives/1659,901631178.1596028556,202010312304,desktop,Returning Visitor,google,1,0,1
/archives/1659,901631178.1596028556,202011021811,desktop,Returning Visitor,google,1,0,1
/archives/1698,1571415785.1600830416,202010281802,desktop,Returning Visitor,google,1,0,1
/archives/1698,2055584099.1604248014,202011020126,mobile,New Visitor,google,1,0,1
/archives/1698,237555291.1604367562,202011031038,desktop,New Visitor,google,1,0,1
/archives/1698,3763325.1588154304,202011021502,desktop,Returning Visitor,google,1,0,1
/archives/1698,405575742.1603872545,202010291750,desktop,Returning Visitor,google,1,0,1
/archives/1698,458960359.1602599804,202010302102,tablet,Returning Visitor,google,1,0,1
/archives/1698,64215882.1599059974,202010291429,desktop,Returning Visitor,google,1,0,1
/archives/1698,64215882.1599059974,202010291534,desktop,Returning Visitor,google,1,0,1
/archives/1698,901631178.1596028556,202011020121,desktop,Returning Visitor,google,1,0,1
/archives/1773,1143821624.1603870337,202010281632,desktop,New Visitor,bing,1,0,1
/archives/1773,1143821624.1603870337,202010282250,desktop,Returning Visitor,bing,1,0,1
/archives/1773,303088875.1603158681,202010301507,desktop,Returning Visitor,google,1,0,1
/archives/1773,886791580.1603767742,202010271704,desktop,Returning Visitor,google,1,0,1
/archives/1773,886791580.1603767742,202010281303,desktop,Returning Visitor,google,1,0,1
/archives/1820,1556215952.1603709796,202010272247,desktop,Returning Visitor,google,1,0,1
/archives/1820,1564201018.1604224364,202011011945,mobile,Returning Visitor,google,1,0,1
/archives/1820,722309963.1604120459,202010311400,desktop,New Visitor,google,1,0,1
/archives/1820,901631178.1596028556,202010312219,desktop,Returning Visitor,google,1,0,1
/archives/1844,1066574535.1603911348,202010290355,desktop,New Visitor,google,1,0,1
/archives/1844,1476528837.1604131768,202011011138,desktop,Returning Visitor,google,1,0,1
/archives/1844,1774986428.1600871552,202010270008,desktop,Returning Visitor,google,1,0,1
/archives/1844,1774986428.1600871552,202010270110,desktop,Returning Visitor,google,1,0,1
/archives/1844,1790637309.1603837444,202010281637,desktop,Returning Visitor,yahoo,1,0,1
/archives/1844,2147140345.1603257869,202010281808,desktop,Returning Visitor,google,1,0,1
/archives/1844,2147140345.1603257869,202010311508,desktop,Returning Visitor,google,1,0,1
/archives/1844,2147140345.1603257869,202010311620,desktop,Returning Visitor,google,1,0,1
/archives/1844,51270110.1603635712,202010290107,desktop,Returning Visitor,google,1,0,1
/archives/1844,581710426.1604325020,202011022250,desktop,New Visitor,google,1,0,1
/archives/1844,606966339.1603601695,202010282219,desktop,Returning Visitor,google,1,0,1
/archives/185,1092485847.1603546266,202010271133,desktop,Returning Visitor,google,1,0,1
/archives/185,1092485847.1603546266,202010271230,desktop,Returning Visitor,google,1,0,1
/archives/185,1092485847.1603546266,202010281550,desktop,Returning Visitor,b.hatena.ne.jp/entry/kamonohashiperry.com/archives/185,1,0,1
/archives/185,1092485847.1603546266,202010281555,desktop,Returning Visitor,google,1,0,1
/archives/185,1092485847.1603546266,202010281810,desktop,Returning Visitor,housecat442.com/,1,0,1
/archives/1864,1017610053.1603102286,202010291715,desktop,Returning Visitor,google,1,0,1
/archives/1864,1017610053.1603102286,202010301117,desktop,Returning Visitor,google,1,0,1
/archives/1864,1169132962.1603891070,202010291329,desktop,Returning Visitor,yahoo,1,0,1
/archives/1864,1475663919.1603928774,202011020852,desktop,Returning Visitor,google,1,0,1
/archives/1864,157393234.1604365304,202011031001,desktop,New Visitor,yahoo,1,0,1
/archives/1864,1658857665.1601345440,202011020836,desktop,Returning Visitor,google,1,0,1
/archives/1864,1827705852.1601631937,202010302130,desktop,Returning Visitor,google,1,0,1
/archives/1864,2015451997.1603870640,202010281637,desktop,New Visitor,google,1,0,1
/archives/1864,2037196949.1603766736,202010291317,desktop,Returning Visitor,google,1,0,1
/archives/1864,227020781.1602734386,202010290546,desktop,Returning Visitor,google,1,0,1
/archives/1864,472236650.1604114130,202010311215,desktop,New Visitor,google,1,0,1
/archives/1864,516267863.1597904718,202010271926,desktop,Returning Visitor,google,1,0,1
/archives/1864,538845087.1591841054,202010291818,desktop,Returning Visitor,google,1,0,1
/archives/1864,538845087.1591841054,202010292102,desktop,Returning Visitor,google,1,0,1
/archives/1864,552731883.1603713105,202010292136,desktop,Returning Visitor,google,1,0,1
/archives/1864,652219847.1604092363,202011021808,desktop,Returning Visitor,google,1,0,1
/archives/1864,652219847.1604092363,202011030623,desktop,Returning Visitor,google,1,0,1
/archives/1864,774863497.1601408487,202010270024,desktop,Returning Visitor,google,1,0,1
/archives/1864,774863497.1601408487,202010271248,desktop,Returning Visitor,google,1,0,1
/archives/1864,774863497.1601408487,202010300224,desktop,Returning Visitor,google,1,0,1
/archives/1864,805660686.1596075338,202010270938,desktop,Returning Visitor,google,1,0,1
/archives/1864,805660686.1596075338,202010291026,desktop,Returning Visitor,google,1,0,1
/archives/187,1095101897.1603814001,202010280053,desktop,New Visitor,google,1,0,2
/archives/187,1186621527.1587011600,202010290959,desktop,Returning Visitor,google,1,0,1
/archives/187,1205988924.1603958448,202010291700,desktop,New Visitor,(direct),1,0,1
/archives/187,1308202597.1603940741,202011022305,desktop,Returning Visitor,google,1,0,1
/archives/187,1308202597.1603940741,202011030102,desktop,Returning Visitor,google,1,0,1
/archives/187,1532942088.1596424631,202010281048,desktop,Returning Visitor,bing,1,0,1
/archives/187,1593291075.1599466688,202010302341,desktop,Returning Visitor,google,1,0,1
/archives/187,1594203690.1603421973,202010291605,mobile,Returning Visitor,google,1,0,1
/archives/187,951965675.1599531619,202010301001,desktop,Returning Visitor,google,1,0,1
/archives/2032,1001341739.1603840725,202010281137,mobile,Returning Visitor,(direct),1,0,1
/archives/2032,1492432276.1604007703,202010300941,mobile,Returning Visitor,(direct),1,0,1
/archives/2032,1492432276.1604007703,202010301258,mobile,Returning Visitor,(direct),1,0,1
/archives/2032,1943531307.1582875897,202011021524,desktop,Returning Visitor,(direct),1,0,1
/archives/2032,539832439.1603860076,202010281508,mobile,Returning Visitor,google,1,0,1
/archives/2032,539832439.1603860076,202010281626,mobile,Returning Visitor,google,1,0,1
/archives/2032,670648522.1604299094,202011021538,desktop,New Visitor,(direct),1,0,1
/archives/2032,780625117.1604306482,202011022057,desktop,Returning Visitor,google,1,0,1
/archives/209,1048203645.1603953009,202010300932,desktop,Returning Visitor,google,1,0,1
/archives/209,1112269192.1602865187,202010291427,desktop,Returning Visitor,google,1,0,1
/archives/209,1154256220.1603439972,202010281528,desktop,Returning Visitor,google,1,0,1
/archives/209,1343687949.1604051715,202010301855,desktop,New Visitor,(direct),1,0,1
/archives/209,1415381697.1603788666,202010271751,desktop,New Visitor,google,1,0,1
/archives/209,1531659370.1603857917,202010281305,desktop,New Visitor,(direct),1,0,1
/archives/209,159651215.1584333954,202010291621,desktop,New Visitor,google,1,0,1
/archives/209,1602043608.1594562776,202010281426,desktop,Returning Visitor,google,1,0,1
/archives/209,182934888.1587916348,202010290020,desktop,Returning Visitor,google,1,0,1
/archives/209,1830508428.1602838923,202010301117,desktop,Returning Visitor,google,1,0,1
/archives/209,1830508428.1602838923,202010301547,desktop,Returning Visitor,google,1,0,1
/archives/209,2003574800.1599631357,202010301428,desktop,Returning Visitor,google,1,0,1
/archives/209,2015483849.1603778915,202010271512,desktop,New Visitor,(direct),1,0,2
/archives/209,2033582296.1604231362,202011012211,desktop,Returning Visitor,(direct),1,0,1
/archives/209,2033582296.1604231362,202011021410,desktop,Returning Visitor,(direct),1,0,1
/archives/209,2033582296.1604231362,202011021455,desktop,Returning Visitor,(direct),1,0,1
/archives/209,2052281754.1604026736,202010301530,desktop,Returning Visitor,google,1,0,1
/archives/209,2058146329.1603553628,202010311122,desktop,Returning Visitor,google,1,0,1
/archives/209,2081080104.1602467516,202010280924,desktop,Returning Visitor,(direct),1,0,1
/archives/209,348926413.1604211895,202011011524,desktop,New Visitor,google,1,0,1
/archives/209,402965240.1603768640,202010271217,desktop,New Visitor,google,1,0,1
/archives/209,404891632.1603092074,202011021326,desktop,Returning Visitor,google,1,0,1
/archives/209,486055993.1603703867,202010280119,desktop,Returning Visitor,google,1,0,1
/archives/209,486055993.1603703867,202010281811,desktop,Returning Visitor,90193.hatenablog.com/entry/2018/07/18/000431,1,0,1
/archives/209,588421390.1602200182,202010291534,desktop,Returning Visitor,google,1,0,1
/archives/209,597763947.1603874050,202010281734,desktop,New Visitor,google,1,0,1
/archives/209,60576494.1603760533,202010271002,desktop,New Visitor,(direct),1,0,1
/archives/209,634096792.1596554654,202011011416,desktop,Returning Visitor,google,1,0,1
/archives/209,658668164.1604027673,202010301214,mobile,New Visitor,yahoo,1,0,2
/archives/209,758340369.1604188408,202011011007,desktop,Returning Visitor,(direct),1,0,1
/archives/209,827838870.1604020987,202010301023,desktop,New Visitor,google,1,0,1
/archives/209,827838870.1604020987,202010301150,desktop,Returning Visitor,google,1,0,1
/archives/209,886735826.1603694291,202011021544,desktop,Returning Visitor,google,1,0,1
/archives/209,937060147.1602835167,202011021031,desktop,Returning Visitor,yahoo,1,0,1
/archives/209,983272703.1599812838,202010281621,desktop,Returning Visitor,google,1,0,1
/archives/209,997301038.1602488126,202011021530,desktop,Returning Visitor,google,1,0,1
/archives/209,997301038.1602488126,202011030919,desktop,Returning Visitor,google,1,0,1
/archives/2197,639162356.1603863109,202010281431,desktop,New Visitor,google,1,0,1
/archives/2197,639162356.1603863109,202010291102,desktop,Returning Visitor,google,1,0,1
/archives/2197,639162356.1603863109,202010291454,desktop,Returning Visitor,google,1,0,1
/archives/2197,639162356.1603863109,202011022303,desktop,Returning Visitor,google,1,0,1
/archives/22,1675985534.1604228116,202011011955,mobile,New Visitor,google,1,0,1
/archives/22,675226132.1604321904,202011022158,tablet,New Visitor,google,1,0,1
/archives/2231,1727929710.1603529872,202010271803,desktop,Returning Visitor,(direct),1,0,1
/archives/2312,1673878157.1603943001,202010301556,desktop,Returning Visitor,google,1,0,1
/archives/2312,1966474485.1603859807,202010281334,desktop,New Visitor,yahoo,1,0,1
/archives/2336,1281969424.1547025642,202010290914,desktop,New Visitor,google,1,0,1
/archives/2336,1725725967.1601969217,202010291831,desktop,Returning Visitor,google,1,0,1
/archives/2336,2069004659.1603885329,202010282042,mobile,New Visitor,google,1,0,1
/archives/2336,279174601.1602976691,202010290101,desktop,Returning Visitor,google,1,0,1
/archives/2375,1632761898.1603707367,202010270912,mobile,Returning Visitor,google,1,0,1
/archives/2375,1632761898.1603707367,202010271020,mobile,Returning Visitor,google,1,0,1
/archives/2375,1632761898.1603707367,202010271736,mobile,Returning Visitor,google,1,0,1
/archives/2375,1632761898.1603707367,202010280956,mobile,Returning Visitor,google,1,0,1
/archives/2375,1632761898.1603707367,202010282247,mobile,Returning Visitor,google,1,0,1
/archives/2375,1632761898.1603707367,202010290010,mobile,Returning Visitor,google,1,0,1
/archives/2375,1632761898.1603707367,202010292141,mobile,Returning Visitor,google,1,0,1
/archives/2375,1659377928.1594348260,202010300900,desktop,Returning Visitor,google,1,0,1
/archives/2375,1898933417.1603761696,202010271711,desktop,Returning Visitor,google,1,0,1
/archives/2444,1637589096.1603941608,202010291220,desktop,New Visitor,google,1,0,1
/archives/2444,1845839487.1604379420,202011031357,desktop,New Visitor,google,1,0,1
/archives/2444,2019243173.1603767447,202010271157,desktop,New Visitor,google,1,0,1
/archives/2444,2085121309.1603782699,202010271622,desktop,Returning Visitor,newspicks.com/,1,0,1
/archives/2444,481831733.1603864788,202010281459,desktop,New Visitor,google,1,0,1
/archives/2444,544508238.1603782970,202010282059,desktop,Returning Visitor,google,1,0,1
/archives/2444,582524384.1603374957,202010271053,desktop,Returning Visitor,bing,1,0,1
/archives/2444,774863497.1601408487,202010282340,desktop,Returning Visitor,google,1,0,1
/archives/2444,774863497.1601408487,202010292152,desktop,Returning Visitor,google,1,0,1
/archives/2444,774863497.1601408487,202010300308,desktop,Returning Visitor,google,1,0,1
/archives/2444,774863497.1601408487,202010301057,desktop,Returning Visitor,google,1,0,1
/archives/2444,774863497.1601408487,202011021832,desktop,Returning Visitor,google,1,0,1
/archives/2444,907904704.1603859125,202011021702,desktop,Returning Visitor,google,1,0,1
/archives/2444,97473245.1560851984,202010281450,desktop,New Visitor,google,1,0,1
/archives/2544,1143300199.1603731770,202010270202,mobile,New Visitor,yahoo,1,0,1
/archives/2544,1324187104.1602616271,202010270222,desktop,Returning Visitor,google,1,0,1
/archives/2544,1324187104.1602616271,202011020222,desktop,Returning Visitor,google,1,0,1
/archives/2544,1757630355.1603285658,202010280006,desktop,Returning Visitor,google,1,0,1
/archives/2544,236147972.1601885189,202010270149,mobile,Returning Visitor,google,1,0,1
/archives/2544,412242502.1604300758,202011022120,mobile,Returning Visitor,yahoo,1,0,1
/archives/2544,6608217.1603824169,202010290619,desktop,Returning Visitor,google,1,0,1
/archives/28,731009288.1604272044,202011020807,mobile,New Visitor,google,1,0,1
/archives/2823,1166502315.1604320704,202011030827,mobile,Returning Visitor,google,1,0,1
/archives/2823,1180180170.1586051718,202010291138,desktop,New Visitor,yahoo,1,0,1
/archives/2823,1439753157.1603799684,202010301812,desktop,Returning Visitor,google,1,0,1
/archives/2823,2142723001.1604312758,202011021925,mobile,New Visitor,yahoo,1,0,1
/archives/2823,422360022.1603897579,202010290006,desktop,New Visitor,(direct),1,0,1
/archives/2911,1286607258.1604217549,202011011659,desktop,New Visitor,google,1,0,1
/archives/30,1693889579.1603773996,202010271346,desktop,New Visitor,google,1,0,1
/archives/3026,118217378.1604306237,202011021829,desktop,Returning Visitor,google,1,0,1
/archives/3026,118217378.1604306237,202011022043,desktop,Returning Visitor,google,1,0,1
/archives/3026,1424766521.1603540743,202010291247,desktop,Returning Visitor,google,1,0,1
/archives/3026,1431475078.1603927844,202010290830,desktop,New Visitor,google,1,0,1
/archives/3026,1529111046.1603947933,202010291405,tablet,New Visitor,google,1,0,1
/archives/3026,1556215952.1603709796,202010271521,desktop,Returning Visitor,google,1,0,1
/archives/3026,1871989874.1604337979,202011030226,desktop,New Visitor,google,1,0,1
/archives/3026,2038344321.1590966284,202010291945,desktop,Returning Visitor,google,1,0,1
/archives/3026,283961005.1604105716,202011010921,desktop,Returning Visitor,google,1,0,1
/archives/3045,1324187104.1602616271,202010280230,desktop,Returning Visitor,google,1,0,1
/archives/3075,1720933199.1604016013,202010300900,mobile,New Visitor,yahoo,1,0,1
/archives/3241,1673724742.1599459365,202011030222,desktop,Returning Visitor,bing,1,0,1
/archives/3241,360199416.1604371920,202011031151,desktop,New Visitor,google,1,0,1
/archives/3241,969878048.1603844356,202010291651,desktop,Returning Visitor,google,1,0,1
/archives/3420,1356162695.1603765534,202010271125,desktop,New Visitor,google,1,0,1
/archives/3420,505773654.1603356515,202010311601,desktop,Returning Visitor,b.hatena.ne.jp/syou6162/,1,0,1
/archives/3576,1918625203.1603814764,202010280106,desktop,New Visitor,(direct),1,0,1
/archives/3576,254874129.1597084271,202010280445,desktop,Returning Visitor,b.hatena.ne.jp/,1,0,1
/archives/3576,689041494.1597061738,202010270755,mobile,Returning Visitor,b.hatena.ne.jp/entrylist/all,1,0,1
/archives/3576,766780800.1603680539,202010280011,desktop,Returning Visitor,bing,1,0,1
/archives/3576,986547292.1602234327,202010290013,desktop,Returning Visitor,bing,1,0,1
/archives/3576,986547292.1602234327,202010290349,desktop,Returning Visitor,bing,1,0,1
/archives/3576,986547292.1602234327,202010291150,desktop,Returning Visitor,bing,1,0,1
/archives/373,1053569640.1601610519,202010301152,desktop,Returning Visitor,(direct),1,0,1
/archives/373,1384057437.1598587217,202010271746,desktop,Returning Visitor,google,1,0,1
/archives/3747,1029683486.1604198431,202011011715,desktop,Returning Visitor,google,1,0,1
/archives/3747,1683850910.1602829160,202010301536,desktop,Returning Visitor,google,1,0,1
/archives/3747,630028873.1603868614,202010281603,desktop,New Visitor,(direct),1,0,1
/archives/3747,638063409.1604131793,202010311709,desktop,New Visitor,google,1,0,1
/archives/3747,63987480.1603441431,202010281601,desktop,Returning Visitor,google,1,0,1
/archives/3747,642198238.1602410845,202010302301,desktop,Returning Visitor,google,1,0,1
/archives/469,1130069709.1604380463,202011031414,desktop,New Visitor,google,1,0,1
/archives/469,579575704.1538835482,202010271346,mobile,New Visitor,google,1,0,1
/archives/500,1004527878.1598188439,202011022157,desktop,Returning Visitor,google,1,0,1
/archives/500,1048203645.1603953009,202010301004,desktop,Returning Visitor,google,1,0,1
/archives/500,1250252267.1604017229,202010301006,desktop,Returning Visitor,google,1,0,1
/archives/500,1276013654.1594011154,202010291611,desktop,Returning Visitor,google,1,0,1
/archives/500,1361550665.1603949577,202010291432,desktop,New Visitor,google,1,0,1
/archives/500,1612124694.1603288181,202010292116,desktop,Returning Visitor,bing,1,0,1
/archives/500,1757886271.1602491377,202010270932,desktop,Returning Visitor,google,1,0,1
/archives/500,1887451894.1604287443,202011021255,desktop,Returning Visitor,google,1,0,1
/archives/500,204356851.1601862165,202010300121,desktop,Returning Visitor,google,1,0,1
/archives/500,2101298523.1604177292,202011011805,desktop,Returning Visitor,google,1,0,1
/archives/500,434908457.1603431477,202010301616,desktop,Returning Visitor,google,1,0,1
/archives/500,581656395.1604020099,202010301125,desktop,Returning Visitor,google,1,0,1
/archives/500,66393230.1604143957,202011010754,desktop,Returning Visitor,google,1,0,1
/archives/500,666280232.1603982707,202010301220,desktop,Returning Visitor,google,1,0,1
/archives/500,720884654.1601696363,202011011147,desktop,Returning Visitor,google,1,0,1
/archives/500,893162793.1601439287,202010290949,desktop,Returning Visitor,google,1,0,1
/archives/531,1121633325.1600321840,202010291121,desktop,Returning Visitor,bing,1,0,1
/archives/531,1438179680.1587801587,202011020028,desktop,Returning Visitor,(direct),1,0,0
/archives/604,96037354.1604307872,202011021804,desktop,New Visitor,google,1,0,1
/archives/619,886791580.1603767742,202010281801,desktop,Returning Visitor,google,1,0,1
/archives/699,1063164497.1601897424,202010282302,desktop,Returning Visitor,(direct),1,0,1
/archives/699,1065680201.1603851851,202010281124,desktop,New Visitor,google,1,0,2
/archives/699,1433969265.1604237917,202011012238,desktop,New Visitor,google,1,0,1
/archives/699,1456708758.1575251174,202010281043,desktop,Returning Visitor,google,1,0,1
/archives/699,1638870635.1592271625,202010271714,desktop,Returning Visitor,google,1,0,1
/archives/699,1875354530.1603778908,202010271508,desktop,New Visitor,google,1,0,1
/archives/699,2126360472.1571899071,202010280708,desktop,New Visitor,yahoo,1,0,1
/archives/699,47010627.1586165949,202010291014,desktop,Returning Visitor,google,1,0,1
/archives/699,54079279.1603874230,202010281737,desktop,New Visitor,google,1,0,1
/archives/699,789156662.1604061597,202010302219,desktop,Returning Visitor,google,1,0,1
/archives/722,1319656161.1603782870,202010271614,mobile,New Visitor,google,1,0,2
/archives/722,2000609905.1603786261,202010272009,mobile,Returning Visitor,google,1,0,1
/archives/762,1563207067.1603952334,202010291518,desktop,New Visitor,google,1,0,1
/archives/762,1563207067.1603952334,202010291638,desktop,Returning Visitor,google,1,0,1
/archives/762,1656034897.1593842596,202010311605,tablet,Returning Visitor,google,1,0,1
/archives/762,218066606.1603770957,202010271255,desktop,New Visitor,bing,1,0,1
/archives/762,527941226.1603897791,202010290009,desktop,New Visitor,google,1,0,1
/archives/858,1024926934.1603872869,202010281746,desktop,Returning Visitor,(direct),1,0,0
/archives/858,1024926934.1603872869,202010291212,desktop,Returning Visitor,(direct),1,0,1
/archives/author/kamonohashi/page/4,1917134671.1603765475,202010271124,desktop,New Visitor,google,1,0,1
/archives/author/kamonohashi/page/4,1917134671.1603765475,202010280500,desktop,Returning Visitor,google,1,0,1
/archives/author/kamonohashi/page/7,763644153.1604197741,202011011128,desktop,New Visitor,google,1,0,1
/archives/author/kamonohashi/page/7,763644153.1604197741,202011011215,desktop,Returning Visitor,google,1,0,1
/archives/category/stan,422360022.1603897579,202011011837,desktop,Returning Visitor,(direct),1,0,1
/archives/category/ベイズ,1602911653.1600617529,202010271736,desktop,Returning Visitor,(direct),1,0,1
/archives/category/ベイズ,1602911653.1600617529,202010281424,desktop,Returning Visitor,(direct),1,0,1
/archives/category/ベイズ,1602911653.1600617529,202010281827,desktop,Returning Visitor,(direct),1,0,1
/archives/category/ベイズ,1602911653.1600617529,202010290746,desktop,Returning Visitor,(direct),1,0,1
/archives/category/ベイズ,1602911653.1600617529,202010291442,desktop,Returning Visitor,(direct),1,0,1
/archives/category/ベイズ,1602911653.1600617529,202010301109,desktop,Returning Visitor,(direct),1,0,1
/archives/category/ベイズ,1602911653.1600617529,202010301728,desktop,Returning Visitor,(direct),1,0,1
/archives/category/ベイズ,1602911653.1600617529,202010302305,desktop,Returning Visitor,(direct),1,0,1
/archives/category/ベイズ,1602911653.1600617529,202010311607,desktop,Returning Visitor,(direct),1,0,1
/archives/category/ベイズ,1602911653.1600617529,202011010739,desktop,Returning Visitor,(direct),1,0,1
/archives/category/ベイズ,1602911653.1600617529,202011011411,desktop,Returning Visitor,(direct),1,0,1
/archives/category/ベイズ,1602911653.1600617529,202011011508,desktop,Returning Visitor,(direct),1,0,1
/archives/category/ベイズ,1602911653.1600617529,202011011634,desktop,Returning Visitor,(direct),1,0,1
/archives/category/ベイズ,1602911653.1600617529,202011020743,desktop,Returning Visitor,(direct),1,0,1
/archives/category/ベイズ,1602911653.1600617529,202011021854,desktop,Returning Visitor,(direct),1,0,1
/archives/category/ベイズ,1602911653.1600617529,202011030816,desktop,Returning Visitor,(direct),1,0,1
/archives/category/ベイズ,1602911653.1600617529,202011031408,desktop,Returning Visitor,(direct),1,0,1
/archives/category/因果推論,1467637425.1603930026,202010290907,desktop,New Visitor,google,1,0,2
/archives/category/因果推論,55140863.1603589295,202010270812,tablet,Returning Visitor,google,1,0,1
/archives/category/因果推論,55140863.1603589295,202010292141,tablet,Returning Visitor,google,1,0,1
/archives/category/因果推論,55140863.1603589295,202010310931,tablet,Returning Visitor,google,1,0,1
/archives/category/因果推論,55140863.1603589295,202010312026,tablet,Returning Visitor,google,1,0,1
/archives/category/因果推論,55140863.1603589295,202011010843,tablet,Returning Visitor,google,1,0,1
/archives/category/因果推論,635981311.1601305632,202010270942,desktop,Returning Visitor,google,1,0,1
/archives/category/機械学習,1846520459.1603638948,202010282239,desktop,Returning Visitor,(direct),1,0,1
/,1290351096.1603985772,202010300037,desktop,New Visitor,(direct),0,0,1
/,132927247.1604369529,202011031114,desktop,New Visitor,google,0,0,1
/,1343687949.1604051715,202010301855,desktop,New Visitor,(direct),0,1,1
/,1438179680.1587801587,202011011614,desktop,Returning Visitor,(direct),0,0,2
/,1438179680.1587801587,202011020104,desktop,Returning Visitor,(direct),0,1,1
/,2016054824.1604047363,202010301757,desktop,New Visitor,(direct),0,1,1
/,208299463.1582123520,202011030939,desktop,Returning Visitor,google,0,0,1
/,208299463.1582123520,202011030940,desktop,Returning Visitor,google,0,0,1
/,208299463.1582123520,202011030941,desktop,Returning Visitor,google,0,0,1
/,208299463.1582123520,202011030943,desktop,Returning Visitor,google,0,0,1
/,638941915.1593176956,202010301647,desktop,Returning Visitor,t.co/ol4hy6k2fh,0,0,1
/,675226132.1604321904,202011022206,tablet,New Visitor,google,0,1,1
/,711831868.1603381191,202010301604,desktop,Returning Visitor,(direct),0,1,1
/,901631178.1596028556,202011011523,desktop,Returning Visitor,google,0,1,2
/,901631178.1596028556,202011021812,desktop,Returning Visitor,google,0,1,1
/,901631178.1596028556,202011021813,desktop,Returning Visitor,google,0,0,1
/?p=3910&preview=true,1438179680.1587801587,202011011605,desktop,Returning Visitor,(direct),0,0,1
/?p=3910&preview=true,1438179680.1587801587,202011011609,desktop,Returning Visitor,(direct),0,0,1
/?p=3910&preview=true,1438179680.1587801587,202011011613,desktop,Returning Visitor,(direct),0,0,2
/?p=3910&preview=true,1438179680.1587801587,202011011614,desktop,Returning Visitor,(direct),0,0,1
/?p=3910&preview=true,1438179680.1587801587,202011011615,desktop,Returning Visitor,(direct),0,0,2
/?p=3910&preview=true,1438179680.1587801587,202011011616,desktop,Returning Visitor,(direct),0,0,1
/?p=3910&preview=true,1438179680.1587801587,202011011639,desktop,Returning Visitor,(direct),0,0,1
/?p=3910&preview=true,1438179680.1587801587,202011011640,desktop,Returning Visitor,(direct),0,0,2
/?p=3910&preview=true,1438179680.1587801587,202011011642,desktop,Returning Visitor,(direct),0,0,1
/?p=3910&preview=true,1438179680.1587801587,202011011643,desktop,Returning Visitor,(direct),0,0,2
/?p=3910&preview=true,1438179680.1587801587,202011011644,desktop,Returning Visitor,(direct),0,0,1
/?p=3910&preview=true,1438179680.1587801587,202011011656,desktop,Returning Visitor,(direct),0,0,1
/?p=3910&preview=true,1438179680.1587801587,202011011659,desktop,Returning Visitor,(direct),0,0,1
/?p=3910&preview=true,1438179680.1587801587,202011011712,desktop,Returning Visitor,(direct),0,0,2
/?p=3910&preview=true,1438179680.1587801587,202011011720,desktop,Returning Visitor,(direct),0,0,1
/?p=3910&preview=true,1438179680.1587801587,202011031223,desktop,Returning Visitor,(direct),0,0,1
/?p=3910&preview=true,1438179680.1587801587,202011031228,desktop,Returning Visitor,(direct),0,0,2
/?s=LDA,711831868.1603381191,202010301350,desktop,Returning Visitor,(direct),0,0,1
/?s=ロジスティック回帰,711831868.1603381191,202010301606,desktop,Returning Visitor,(direct),0,0,1
/archives/1031,1264731618.1599124540,202010302007,desktop,Returning Visitor,google,0,0,1
/archives/1031,1466765872.1600137472,202010271009,desktop,Returning Visitor,bing,0,0,1
/archives/1031,185781481.1603367423,202011021717,desktop,Returning Visitor,google,0,0,1
/archives/1031,208299463.1582123520,202011030940,desktop,Returning Visitor,google,0,0,1
/archives/1031,694917030.1603722404,202010311841,desktop,Returning Visitor,google,0,0,1
/archives/1031,851520227.1603878695,202010281903,desktop,New Visitor,google,0,0,1
/archives/1031,851520227.1603878695,202010281904,desktop,New Visitor,google,0,0,1
/archives/1031,929743540.1603846690,202010282033,desktop,Returning Visitor,google,0,0,1
/archives/1031,993712.1603694437,202011021257,desktop,Returning Visitor,google,0,0,1
/archives/1031/estimated_network_structure,1264731618.1599124540,202010302007,desktop,Returning Visitor,google,0,0,1
/archives/1031/estimated_network_structure,185781481.1603367423,202011021717,desktop,Returning Visitor,google,0,0,1
/archives/1031/plotting_network,694917030.1603722404,202011011635,desktop,Returning Visitor,google,0,0,1
/archives/1054,901631178.1596028556,202011021813,desktop,Returning Visitor,google,0,0,1
/archives/1193,1438179680.1587801587,202011020105,desktop,Returning Visitor,(direct),0,0,1
/archives/1193,1514503792.1600426968,202010282148,desktop,Returning Visitor,google,0,0,1
/archives/1193,1514503792.1600426968,202010282204,desktop,Returning Visitor,google,0,0,1
/archives/1248,1438179680.1587801587,202011020104,desktop,Returning Visitor,(direct),0,0,1
/archives/128,114099595.1602852815,202010271356,desktop,Returning Visitor,(direct),0,0,1
/archives/1293,1547322811.1602690311,202010272259,desktop,Returning Visitor,google,0,0,1
/archives/1322,1143300199.1603731770,202010270203,mobile,New Visitor,yahoo,0,0,1
/archives/1322,208299463.1582123520,202011030941,desktop,Returning Visitor,google,0,0,1
/archives/1374,1306364383.1592289799,202010311257,desktop,Returning Visitor,google,0,0,1
/archives/1374,1845839487.1604379420,202011031409,desktop,New Visitor,google,0,0,1
/archives/1401,1487448269.1604053648,202010301927,desktop,New Visitor,(direct),0,0,1
/archives/1401,2016054824.1604047363,202010301753,desktop,New Visitor,(direct),0,0,1
/archives/1401,252758432.1604310958,202011021900,desktop,New Visitor,(direct),0,0,1
/archives/1401,638941915.1593176956,202010301648,desktop,Returning Visitor,t.co/ol4hy6k2fh,0,0,1
/archives/1401,711831868.1603381191,202010301606,desktop,Returning Visitor,(direct),0,0,1
/archives/1401,822359081.1604231331,202011012050,mobile,New Visitor,(direct),0,0,1
/archives/145,114099595.1602852815,202010271357,desktop,Returning Visitor,(direct),0,0,1
/archives/145,638941915.1593176956,202010301648,desktop,Returning Visitor,t.co/ol4hy6k2fh,0,0,1
/archives/1504,1321706951.1603793700,202010271929,desktop,New Visitor,google,0,0,1
/archives/1504,24843250.1603925103,202010290746,mobile,New Visitor,yahoo,0,0,1
/archives/1504,24843250.1603925103,202010290751,mobile,New Visitor,yahoo,0,0,2
/archives/1504,24843250.1603925103,202010290752,mobile,New Visitor,yahoo,0,0,1
/archives/1504,24843250.1603925103,202010290809,mobile,New Visitor,yahoo,0,0,1
/archives/1568,1306364383.1592289799,202010302357,desktop,Returning Visitor,google,0,0,1
/archives/1568,1637589096.1603941608,202010291225,desktop,New Visitor,google,0,0,1
/archives/1568,1727675430.1603869272,202010281617,desktop,New Visitor,google,0,0,1
/archives/1568,2015451997.1603870640,202010281645,desktop,New Visitor,google,0,0,1
/archives/1568,472236650.1604114130,202010311230,desktop,New Visitor,google,0,0,1
/archives/1568,544508238.1603782970,202010272151,desktop,Returning Visitor,google,0,0,1
/archives/1568,544508238.1603782970,202011021618,desktop,Returning Visitor,google,0,0,1
/archives/1568/nakamoto_word_counts,1907878060.1604287639,202011021230,mobile,New Visitor,google,0,0,1
/archives/1568/nakamoto_word_counts,544508238.1603782970,202010272151,desktop,Returning Visitor,google,0,0,1
/archives/1568/nakamotodata_wakati,1625998938.1604115315,202010311237,mobile,New Visitor,google,0,0,1
/archives/1568/nakamotodataset,1625998938.1604115315,202010311236,mobile,New Visitor,google,0,0,1
/archives/1619,1260249175.1604042640,202010301637,desktop,New Visitor,google,0,0,1
/archives/1619,711831868.1603381191,202010301351,desktop,Returning Visitor,(direct),0,0,1
/archives/1659,2055584099.1604248014,202011020128,mobile,New Visitor,google,0,0,1
/archives/1659,208299463.1582123520,202011030941,desktop,Returning Visitor,google,0,0,1
/archives/1659,237555291.1604367562,202011031040,desktop,New Visitor,google,0,0,1
/archives/1659,901631178.1596028556,202011011524,desktop,Returning Visitor,google,0,0,1
/archives/1659,901631178.1596028556,202011011536,desktop,Returning Visitor,google,0,0,1
/archives/1659,901631178.1596028556,202011011550,desktop,Returning Visitor,google,0,0,1
/archives/1659,901631178.1596028556,202011021812,desktop,Returning Visitor,google,0,0,1
/archives/1659,901631178.1596028556,202011021947,desktop,Returning Visitor,google,0,0,2
/archives/1659,901631178.1596028556,202011021956,desktop,Returning Visitor,google,0,0,1
/archives/1698,901631178.1596028556,202011021814,desktop,Returning Visitor,google,0,0,1
/archives/1773,1143821624.1603870337,202010281634,desktop,New Visitor,bing,0,0,1
/archives/1773,1143821624.1603870337,202010282253,desktop,Returning Visitor,bing,0,0,1
/archives/1773/ordered_probit_equations-2,1143821624.1603870337,202010281634,desktop,New Visitor,bing,0,0,1
/archives/1820,1324187104.1602616271,202010270232,desktop,Returning Visitor,google,0,0,1
/archives/1820,1324187104.1602616271,202011020222,desktop,Returning Visitor,google,0,0,1
/archives/1820,1556215952.1603709796,202010272250,desktop,Returning Visitor,google,0,0,1
/archives/1820,208299463.1582123520,202011030943,desktop,Returning Visitor,google,0,0,1
/archives/1820,722309963.1604120459,202010311406,desktop,New Visitor,google,0,0,1
/archives/1844,1066574535.1603911348,202010290406,desktop,New Visitor,google,0,0,2
/archives/1844,1683850910.1602829160,202010301538,desktop,Returning Visitor,google,0,0,1
/archives/1844,1774986428.1600871552,202010270121,desktop,Returning Visitor,google,0,0,1
/archives/1844,51270110.1603635712,202010290111,desktop,Returning Visitor,google,0,0,1
/archives/1844,51270110.1603635712,202010290113,desktop,Returning Visitor,google,0,0,1
/archives/1844,581710426.1604325020,202011022251,desktop,New Visitor,google,0,0,1
/archives/185,1092485847.1603546266,202010281612,desktop,Returning Visitor,google,0,0,1
/archives/185,1487448269.1604053648,202010301927,desktop,New Visitor,(direct),0,0,1
/archives/185,2016054824.1604047363,202010301750,desktop,New Visitor,(direct),0,0,1
/archives/185,638941915.1593176956,202010301648,desktop,Returning Visitor,t.co/ol4hy6k2fh,0,0,1
/archives/1864,157393234.1604365304,202011031052,desktop,New Visitor,yahoo,0,0,1
/archives/1864,544508238.1603782970,202011021459,desktop,Returning Visitor,google,0,0,1
/archives/1864,774863497.1601408487,202010282342,desktop,Returning Visitor,google,0,0,1
/archives/1864,805660686.1596075338,202010270953,desktop,Returning Visitor,google,0,0,1
/archives/1864,805660686.1596075338,202010271019,desktop,Returning Visitor,google,0,0,1
/archives/187,1205988924.1603958448,202010291708,desktop,New Visitor,(direct),0,0,1
/archives/187,1308202597.1603940741,202011022312,desktop,Returning Visitor,google,0,0,1
/archives/187,1308202597.1603940741,202011030132,desktop,Returning Visitor,google,0,0,1
/archives/1932,1487448269.1604053648,202010301927,desktop,New Visitor,(direct),0,0,1
/archives/1932,2016054824.1604047363,202010301755,desktop,New Visitor,(direct),0,0,1
/archives/1932,638941915.1593176956,202010301648,desktop,Returning Visitor,t.co/ol4hy6k2fh,0,0,1
/archives/1932,822359081.1604231331,202011012049,mobile,New Visitor,(direct),0,0,1
/archives/2032,670648522.1604299094,202011021546,desktop,New Visitor,(direct),0,0,1
/archives/209,1415381697.1603788666,202010271826,desktop,New Visitor,google,0,0,1
/archives/209,1531659370.1603857917,202010281317,desktop,New Visitor,(direct),0,0,1
/archives/209,1612124694.1603288181,202010292137,desktop,Returning Visitor,bing,0,0,1
/archives/209,1612124694.1603288181,202010292148,desktop,Returning Visitor,bing,0,0,1
/archives/209,182934888.1587916348,202010290044,desktop,Returning Visitor,google,0,0,1
/archives/209,402965240.1603768640,202010271242,desktop,New Visitor,google,0,0,1
/archives/209,486055993.1603703867,202010280147,desktop,Returning Visitor,google,0,0,1
/archives/209,597763947.1603874050,202010281735,desktop,New Visitor,google,0,0,1
/archives/209,60576494.1603760533,202010271003,desktop,New Visitor,(direct),0,0,1
/archives/209,60576494.1603760533,202010271004,desktop,New Visitor,(direct),0,0,1
/archives/209,997301038.1602488126,202011030941,desktop,Returning Visitor,google,0,0,1
/archives/2197,639162356.1603863109,202010281433,desktop,New Visitor,google,0,0,1
/archives/22,1675985534.1604228116,202011011957,mobile,New Visitor,google,0,0,1
/archives/2231,1863185560.1604072822,202011011736,desktop,Returning Visitor,t.co/s5cbWfHqYz,0,0,1
/archives/2231,283961005.1604105716,202011010924,desktop,Returning Visitor,google,0,0,1
/archives/2275,1466765872.1600137472,202010271008,desktop,Returning Visitor,bing,0,0,1
/archives/2312,1966474485.1603859807,202010281335,desktop,New Visitor,yahoo,0,0,1
/archives/2336,2069004659.1603885329,202010282047,mobile,New Visitor,google,0,0,1
/archives/2336,279174601.1602976691,202010291006,desktop,Returning Visitor,google,0,0,1
/archives/2375,208299463.1582123520,202011030945,desktop,Returning Visitor,google,0,0,1
/archives/2444,1845839487.1604379420,202011031359,desktop,New Visitor,google,0,0,1
/archives/2444,2019243173.1603767447,202010271201,desktop,New Visitor,google,0,0,1
/archives/2444,2085121309.1603782699,202010271624,desktop,Returning Visitor,newspicks.com/,0,0,2
/archives/2444,481831733.1603864788,202010281506,desktop,New Visitor,google,0,0,1
/archives/2444,774863497.1601408487,202010270024,desktop,Returning Visitor,google,0,0,1
/archives/2444,774863497.1601408487,202010271249,desktop,Returning Visitor,google,0,0,1
/archives/2486,638941915.1593176956,202010272257,desktop,Returning Visitor,t.co/ol4hy6k2fh,0,0,1
/archives/2544,208299463.1582123520,202011030946,desktop,Returning Visitor,google,0,0,1
/archives/2544,422360022.1603897579,202011011839,desktop,Returning Visitor,(direct),0,0,1
/archives/2544,901631178.1596028556,202011011525,desktop,Returning Visitor,google,0,0,1
/archives/2544,901631178.1596028556,202011011537,desktop,Returning Visitor,google,0,0,1
/archives/28,731009288.1604272044,202011020809,mobile,New Visitor,google,0,0,1
/archives/2823,1343687949.1604051715,202010301905,desktop,New Visitor,(direct),0,0,1
/archives/2823,1720933199.1604016013,202010300902,mobile,New Visitor,yahoo,0,0,1
/archives/2823,2142723001.1604312758,202011021933,mobile,New Visitor,yahoo,0,0,1
/archives/2823,638941915.1593176956,202011021906,desktop,Returning Visitor,t.co/ol4hy6k2fh,0,0,1
/archives/2911,1286607258.1604217549,202011011735,desktop,New Visitor,google,0,0,1
/archives/2911,252758432.1604310958,202011021900,desktop,New Visitor,(direct),0,0,1
/archives/30,1693889579.1603773996,202010271347,desktop,New Visitor,google,0,0,1
/archives/3015,1343687949.1604051715,202010301859,desktop,New Visitor,(direct),0,0,1
/archives/3015,1431475078.1603927844,202010290832,desktop,New Visitor,google,0,0,1
/archives/3026,1343687949.1604051715,202010301906,desktop,New Visitor,(direct),0,0,1
/archives/3026,1424766521.1603540743,202010291251,desktop,Returning Visitor,google,0,0,1
/archives/3026,1529111046.1603947933,202010291416,tablet,New Visitor,google,0,0,1
/archives/3026,1871989874.1604337979,202011030237,desktop,New Visitor,google,0,0,1
/archives/3045,1324187104.1602616271,202011020222,desktop,Returning Visitor,google,0,0,1
/archives/3075,1918625203.1603814764,202010280109,desktop,New Visitor,(direct),0,0,1
/archives/3241,360199416.1604371920,202011031156,desktop,New Visitor,google,0,0,1
/archives/3420,1356162695.1603765534,202010271133,desktop,New Visitor,google,0,0,1
/archives/3420,1356162695.1603765534,202010271144,desktop,New Visitor,google,0,0,1
/archives/3420,1720933199.1604016013,202010300901,mobile,New Visitor,yahoo,0,0,1
/archives/3576,1290351096.1603985772,202010300036,desktop,New Visitor,(direct),0,0,1
/archives/3576,1720933199.1604016013,202010300901,mobile,New Visitor,yahoo,0,0,1
/archives/373,192660189.1604068228,202010302350,desktop,New Visitor,google,0,0,1
/archives/3747,252758432.1604310958,202011021856,desktop,New Visitor,(direct),0,0,1
/archives/3747,422360022.1603897579,202010290006,desktop,New Visitor,(direct),0,0,1
/archives/3747,638063409.1604131793,202010311710,desktop,New Visitor,google,0,0,1
/archives/3747,638941915.1593176956,202011021910,desktop,Returning Visitor,t.co/ol4hy6k2fh,0,0,1
/archives/42,208299463.1582123520,202011030939,desktop,Returning Visitor,google,0,0,1
/archives/443,638941915.1593176956,202010301643,desktop,Returning Visitor,t.co/ol4hy6k2fh,0,0,1
/archives/469,1130069709.1604380463,202011031420,desktop,New Visitor,google,0,0,1
/archives/500,1361550665.1603949577,202010291452,desktop,New Visitor,google,0,0,1
/archives/500,1612124694.1603288181,202010292149,desktop,Returning Visitor,bing,0,0,1
/archives/500,348926413.1604211895,202011011548,desktop,New Visitor,google,0,0,1
/archives/500,634096792.1596554654,202011011418,desktop,Returning Visitor,google,0,0,1
/archives/500,827838870.1604020987,202010301030,desktop,New Visitor,google,0,0,1
/archives/531,1438179680.1587801587,202011011614,desktop,Returning Visitor,(direct),0,0,1
/archives/531,1438179680.1587801587,202011012224,desktop,Returning Visitor,(direct),0,0,1
/archives/54,1438179680.1587801587,202011011614,desktop,Returning Visitor,(direct),0,0,1
/archives/604,96037354.1604307872,202011021805,desktop,New Visitor,google,0,0,2
/archives/619,638941915.1593176956,202010301643,desktop,Returning Visitor,t.co/ol4hy6k2fh,0,0,1
/archives/629,1487448269.1604053648,202010301927,desktop,New Visitor,(direct),0,0,1
/archives/629,2016054824.1604047363,202010301750,desktop,New Visitor,(direct),0,0,1
/archives/629,638941915.1593176956,202010301644,desktop,Returning Visitor,t.co/ol4hy6k2fh,0,0,1
/archives/699,1433969265.1604237917,202011012239,desktop,New Visitor,google,0,0,1
/archives/699,1875354530.1603778908,202010271526,desktop,New Visitor,google,0,0,1
/archives/699,54079279.1603874230,202010281740,desktop,New Visitor,google,0,0,1
/archives/762,1563207067.1603952334,202010291523,desktop,New Visitor,google,0,0,1
/archives/762,218066606.1603770957,202010271256,desktop,New Visitor,bing,0,0,1
/archives/762,527941226.1603897791,202010290020,desktop,New Visitor,google,0,0,1
/archives/868,1024926934.1603872869,202010281747,desktop,Returning Visitor,(direct),0,0,1
/archives/author/kamonohashi,1286607258.1604217549,202011011659,desktop,New Visitor,google,0,0,1
/archives/author/kamonohashi,901631178.1596028556,202011011525,desktop,Returning Visitor,google,0,0,1
/archives/author/kamonohashi/page/4,1917134671.1603765475,202010271132,desktop,New Visitor,google,0,0,1
/archives/author/kamonohashi/page/7,763644153.1604197741,202011011129,desktop,New Visitor,google,0,0,1
/archives/category/python,2085121309.1603782699,202010271624,desktop,Returning Visitor,newspicks.com/,0,0,1
/archives/category/r,218066606.1603770957,202010271256,desktop,New Visitor,bing,0,0,1
/archives/category/テキストマイニング,1431475078.1603927844,202010290834,desktop,New Visitor,google,0,0,1
/archives/category/テキストマイニング,1727675430.1603869272,202010281619,desktop,New Visitor,google,0,0,1
/archives/category/テキストマイニング,1845839487.1604379420,202011031359,desktop,New Visitor,google,0,0,1
/archives/category/テキストマイニング,283961005.1604105716,202011010923,desktop,Returning Visitor,google,0,0,1
/archives/category/テキストマイニング,630028873.1603868614,202010281605,desktop,New Visitor,(direct),0,0,1
/archives/category/ベイズ,1602911653.1600617529,202011011420,desktop,Returning Visitor,(direct),0,0,1
/archives/category/ベイズ,1602911653.1600617529,202011021856,desktop,Returning Visitor,(direct),0,0,1
/archives/category/ロジット,422360022.1603897579,202011011839,desktop,Returning Visitor,(direct),0,0,1
/archives/category/機械学習,855563452.1604046933,202010301735,desktop,New Visitor,(direct),0,0,1
/page/2?s=ロジスティック回帰,711831868.1603381191,202010301606,desktop,Returning Visitor,(direct),0,0,1
